[
    {
        "pk": 1,
        "model": "ruleset.ruleset",
        "fields": {
            "name": "Original Haggle (1969)",
            "module": "haggle",
            "description": "The original Haggle ruleset from Sid Sackson's A Gamut of Games 1969 book. Rule #9 has been modified to replace player elimination by a loss of 10 points."
        }
    },
    {
        "pk": 2,
        "model": "ruleset.ruleset",
        "fields": {
            "name": "Remixed Haggle (2013)",
            "module": "remixed",
            "description": "Our 'remix' of the original Haggle, changing some colors, their value, and almost all the rules in subtle ways, all of this in order to obfuscate the ruleset a bit. It may prevent that googling the original ruleset would bring an unfair advantage. The original principles and basic rule mechanisms have been kept the same."
        }
    },
    {
        "pk": 3,
        "model": "ruleset.ruleset",
        "fields": {
            "name": "Pizzaz! (2013)",
            "module": "pizzaz",
            "description": "Who will cook the best pizza, given toppings in short supply and the weird tastes of the Mafia boss?\nA classic ruleset, with an expanded range of commodities and playable by more people.",
            "intro": "Frankie's Trattoria served the best pizzas in the country, no debate. But now that Frankie is dead, the Family wants a new supplier. Don Peppino has sent its soldato order a 'signature' pizza at each of the restaurants of the city, yours included. Your waiters have been sent all over town to learn what they can about the Boss' tastes, and search for the best farm-produced, high-quality ingredients. It's gonna be a tough competition. Good Luck !\n-- Inspired by rulesets by Lindsey Dubb and Mark McEvoy.",
            "starting_rules": 3,
            "starting_commodities": 12
        }
    },
    {
        "pk": 1,
        "model": "ruleset.rulecard",
        "fields": {
            "public_name": "1",
            "description": "Orange cards have a basic value of 4, which is equal to the sum of the basic values of a red card and a yellow card.",
            "mandatory": true,
            "ruleset": 1,
            "ref_name": "HAG01",
            "glob": false
        }
    },
    {
        "pk": 2,
        "model": "ruleset.rulecard",
        "fields": {
            "public_name": "2",
            "description": "White cards have the highest basic value and are equal to a red card and a blue card.",
            "mandatory": true,
            "ruleset": 1,
            "ref_name": "HAG02",
            "glob": false
        }
    },
    {
        "pk": 3,
        "model": "ruleset.rulecard",
        "fields": {
            "public_name": "3",
            "description": "Blue cards have a basic value twice that of yellow and half that of orange.",
            "mandatory": true,
            "ruleset": 1,
            "ref_name": "HAG03",
            "glob": false
        }
    },
    {
        "pk": 4,
        "model": "ruleset.rulecard",
        "fields": {
            "public_name": "4",
            "description": "If a player has more than three white cards, all of his/her white cards lose their value.",
            "mandatory": false,
            "ruleset": 1,
            "ref_name": "HAG04",
            "step": 10,
            "glob": false
        }
    },
	{
        "pk": 5,
        "model": "ruleset.rulecard",
        "fields": {
            "public_name": "5",
            "description": "A player can score only as many orange cards as he/she has blue cards.",
            "mandatory": false,
            "ruleset": 1,
            "ref_name": "HAG05",
            "step": 10,
            "glob": false
        }
    },
	{
        "pk": 6,
        "model": "ruleset.rulecard",
        "fields": {
            "public_name": "6",
            "description": "For each player that has five or more blue cards, 10 points are deducted from every other player's score.",
            "mandatory": false,
            "ruleset": 1,
            "ref_name": "HAG06",
            "step": 30,
            "glob": true
        }
    },
    {
        "pk": 7,
        "model": "ruleset.rulecard",
        "fields": {
            "public_name": "7",
            "description": "A set of three red cards protects you from one set of five blue cards.",
            "mandatory": false,
            "ruleset": 1,
            "ref_name": "HAG07",
            "step": 31,
            "glob": false
        }
    },   
    {
        "pk": 8,
        "model": "ruleset.rulecard",
        "fields": {
            "public_name": "8",
            "description": "The player with the most yellow cards gets a bonus of the number of those cards squared. If two or more players tie for most yellow, the bonus is calculated instead for the player with the next highest number of yellows.",
            "mandatory": false,
            "ruleset": 1,
            "ref_name": "HAG08",
            "step": 32,
            "glob": true
        }
    },
    {
        "pk": 9,
        "model": "ruleset.rulecard",
        "fields": {
            "public_name": "9",
            "description": "If a player hands in seven or more cards of the same color, for each of these colors 10 points are deducted from his/her score.",
            "mandatory": false,
            "ruleset": 1,
            "ref_name": "HAG09",
            "step": 20,
            "glob": false
        }
    },
    {
        "pk": 10,
        "model": "ruleset.rulecard",
        "fields": {
            "public_name": "10",
            "description": "Each set of five different colors gives a bonus of 10 points.",
            "mandatory": false,
            "ruleset": 1,
            "ref_name": "HAG10",
            "step": 20,
            "glob": false
        }
    },
    {
        "pk": 11,
        "model": "ruleset.rulecard",
        "fields": {
            "public_name": "11",
            "description": "If a \"pyramid\" is handed in with no other cards, the final value of the hand is doubled. A pyramid consists of four cards of one color, three cards of a second color, two cards of a third, and one card of a fourth color.",
            "mandatory": false,
            "ruleset": 1,
            "ref_name": "HAG11",
            "step": 40,
            "glob": false
        }
    },
    {
        "pk": 12,
        "model": "ruleset.rulecard",
        "fields": {
            "public_name": "12",
            "description": "The player with the most red cards doubles their value. In case of a tie, no player collects the extra value.",
            "mandatory": false,
            "ruleset": 1,
            "ref_name": "HAG12",
            "step": 32,
            "glob": true
        }
    },
    {
        "pk": 13,
        "model": "ruleset.rulecard",
        "fields": {
            "public_name": "13",
            "description": "Each set of two yellow cards doubles the value of one white card.",
            "mandatory": false,
            "ruleset": 1,
            "ref_name": "HAG13",
            "step": 20,
            "glob": false
        }
    },
    {
        "pk": 14,
        "model": "ruleset.rulecard",
        "fields": {
            "public_name": "14",
            "description": "Each set of three blue cards quadruples the value of one orange card.",
            "mandatory": false,
            "ruleset": 1,
            "ref_name": "HAG14",
            "step": 20,
            "glob": false
        }
    },
    {
        "pk": 15,
        "model": "ruleset.rulecard",
        "fields": {
            "public_name": "15",
            "description": "No more than thirteen cards in a hand can be scored. If more are handed in, the excess will be removed at random.",
            "mandatory": false,
            "ruleset": 1,
            "ref_name": "HAG15",
            "step": 0,
            "glob": false
        }
    },
    {
        "pk": 16,
        "model": "ruleset.rulecard",
        "fields": {
            "public_name": "1",
            "description": "Green cards have the highest basic value, which is equal to the sum of the basic values of a yellow card and a blue card.",
            "mandatory": true,
            "ruleset": 2,
            "ref_name": "RMX01",
            "glob": false
        }
    },
    {
        "pk": 17,
        "model": "ruleset.rulecard",
        "fields": {
            "public_name": "2",
            "description": "White cards have a basic value twice that of blue and half that of yellow.",
            "mandatory": true,
            "ruleset": 2,
            "ref_name": "RMX02",
            "glob": false
        }
    },
    {
        "pk": 18,
        "model": "ruleset.rulecard",
        "fields": {
            "public_name": "3",
            "description": "Pink cards have a basic value of 3, which is equal to the sum of the basic values of a blue card and a white card.",
            "mandatory": true,
            "ruleset": 2,
            "ref_name": "RMX03",
            "glob": false
        }
    },
    {
        "pk": 19,
        "model": "ruleset.rulecard",
        "fields": {
            "public_name": "4",
            "description": "If a player has a combined number of yellow and green cards strictly higher than five cards, all of his/her green cards lose their value.",
            "mandatory": false,
            "ruleset": 2,
            "ref_name": "RMX04",
            "step": 10,
            "glob": false
        }
    },
    {
        "pk": 20,
        "model": "ruleset.rulecard",
        "fields": {
            "public_name": "5",
            "description": "A player can score only as many yellow cards as he/she has pink cards.",
            "mandatory": false,
            "ruleset": 2,
            "ref_name": "RMX05",
            "step": 10,
            "glob": false
        }
    },
    {
        "pk": 21,
        "model": "ruleset.rulecard",
        "fields": {
            "public_name": "6",
            "description": "For each player that has five or more blue cards, 10 points are deducted from every other player's score.",
            "mandatory": false,
            "ruleset": 2,
            "ref_name": "RMX06",
            "step": 30,
            "glob": true
        }
    },
    {
        "pk": 22,
        "model": "ruleset.rulecard",
        "fields": {
            "public_name": "7",
            "description": "A set of three yellow cards protects you from one set of five blue cards.",
            "mandatory": false,
            "ruleset": 2,
            "ref_name": "RMX07",
            "step": 31,
            "glob": false
        }
    },
    {
        "pk": 23,
        "model": "ruleset.rulecard",
        "fields": {
            "public_name": "8",
            "description": "Each set of five different colors gives a bonus of 8 points.",
            "mandatory": false,
            "ruleset": 2,
            "ref_name": "RMX08",
            "step": 20,
            "glob": false
        }
    },
    {
        "pk": 24,
        "model": "ruleset.rulecard",
        "fields": {
            "public_name": "9",
            "description": "The player with the most white cards triples their value. In case of a tie, no player collects the extra value.",
            "mandatory": false,
            "ruleset": 2,
            "ref_name": "RMX09",
            "step": 32,
            "glob": true
        }
    },
    {
        "pk": 25,
        "model": "ruleset.rulecard",
        "fields": {
            "public_name": "10",
            "description": "If the total of the basic values of all the cards handed in by a player is higher than 35 points, cards are removed at random until the total becomes less or equal than 35 points. Only the basic values are considered, before any other rule is applied.",
            "mandatory": false,
            "ruleset": 2,
            "ref_name": "RMX10",
            "step": 0,
            "glob": false
        }
    },
    {
        "pk": 26,
        "model": "ruleset.rulecard",
        "fields": {
            "public_name": "11",
            "description": "If a player hands in seven or more cards of the same color, 10 points are deducted from his/her score for each of these colors.",
            "mandatory": false,
            "ruleset": 2,
            "ref_name": "RMX11",
            "step": 20,
            "glob": false
        }
    },
    {
        "pk": 27,
        "model": "ruleset.rulecard",
        "fields": {
            "public_name": "12",
            "description": "The player with the most blue cards doubles the value of his/her pink cards. In case of a tie, no player collects the extra value.",
            "mandatory": false,
            "ruleset": 2,
            "ref_name": "RMX12",
            "step": 32,
            "glob": true
        }
    },
    {
        "pk": 28,
        "model": "ruleset.rulecard",
        "fields": {
            "public_name": "13",
            "description": "If four colors are handed in with the same number of cards for each, and no cards are handed in from the fifth color, the final value of the hand is doubled.",
            "mandatory": false,
            "ruleset": 2,
            "ref_name": "RMX13",
            "step": 40,
            "glob": false
        }
    },
    {
        "pk": 29,
        "model": "ruleset.rulecard",
        "fields": {
            "public_name": "14",
            "description": "Each set of two pink cards doubles the value of one yellow card.",
            "mandatory": false,
            "ruleset": 2,
            "ref_name": "RMX14",
            "step": 20,
            "glob": false
        }
    },
    {
        "pk": 30,
        "model": "ruleset.rulecard",
        "fields": {
            "public_name": "15",
            "description": "Each set of three white cards triples the value of one green card.",
            "mandatory": false,
            "ruleset": 2,
            "ref_name": "RMX15",
            "step": 20,
            "glob": false
        }
    },
    {
        "pk": 31,
        "model": "ruleset.rulecard",
        "fields": {
            "public_name": "DISAPPOINTING",
            "description": "Herb [H] cards are worth no points.",
            "mandatory": true,
            "ruleset": 3,
            "ref_name": "PIZ01",
            "glob": false
        }
    },
    {
        "pk": 32,
        "model": "ruleset.rulecard",
        "fields": {
            "public_name": "TWO",
            "description": "Vegetables [V] are worth 2 points.",
            "mandatory": true,
            "ruleset": 3,
            "ref_name": "PIZ02",
            "glob": false
        }
    },
    {
        "pk": 33,
        "model": "ruleset.rulecard",
        "fields": {
            "public_name": "PROTEINS",
            "description": "Cheese [C] and Fish & Seafood [F&S] cards are worth the same number of points as Meat [M] cards.",
            "mandatory": true,
            "ruleset": 3,
            "ref_name": "PIZ03",
            "glob": false
        }
    },
    {
        "pk": 34,
        "model": "ruleset.rulecard",
        "fields": {
            "public_name": "DIET",
            "description": "If your pizza contains no Cheese [C], Don Peppino will curse you but his wife will arrange so that you get a bonus of 6 points (damn doctors!).",
            "mandatory": true,
            "ruleset": 3,
            "ref_name": "PIZ04",
            "step": 20,
            "glob": false
        }
    },
    {
        "pk": 35,
        "model": "ruleset.rulecard",
        "fields": {
            "public_name": "HEALTH",
            "description": "The bonus you can get if you respect Don Peppino's diet has the same value as two Meat [M] cards.",
            "mandatory": true,
            "ruleset": 3,
            "ref_name": "PIZ05",
            "glob": false
        }
    },
    {
        "pk": 36,
        "model": "ruleset.rulecard",
        "fields": {
            "public_name": "TRUE SICILIAN",
            "description": "Don Peppino likes his pizza with no more than 10 toppings (cards). Each added topping removes 8 points.",
            "mandatory": false,
            "ruleset": 3,
            "ref_name": "PIZ06",
            "step": 20,
            "glob": false
        }
    },
    {
        "pk": 37,
        "model": "ruleset.rulecard",
        "fields": {
            "public_name": "GOOD IDEA",
            "description": "If your pizza has more Vegetable [V] cards than Meat [M], Fish & Seafood [F&S] and Cheese [C] cards combined, there is a bonus of 12 points for you.",
            "mandatory": false,
            "ruleset": 3,
            "ref_name": "PIZ07",
            "step": 20,
            "glob": false
        }
    },
    {
        "pk": 38,
        "model": "ruleset.rulecard",
        "fields": {
            "public_name": "PET PEEVES",
            "description": "Don Peppino dislikes the following toppings, unless paired with the appropriate ingredient: peppers, pineapple and ham. Absolutely no points can be earned from those.",
            "mandatory": false,
            "ruleset": 3,
            "ref_name": "PIZ08",
            "step": 10,
            "glob": false
        }
    },
    {
        "pk": 39,
        "model": "ruleset.rulecard",
        "fields": {
            "public_name": "BULBOUS",
            "description": "One garlic card makes Don Peppino tolerate all the toppings he usually dislikes. But beware! More than one garlic and he'll revert to his usual distastes.",
            "mandatory": false,
            "ruleset": 3,
            "ref_name": "PIZ09",
            "step": 11,
            "glob": false
        }
    },
    {
        "pk": 40,
        "model": "ruleset.rulecard",
        "fields": {
            "public_name": "DOUBLE",
            "description": "Each topping with at least a double ration (two cards or more) is worth 4 points more.",
            "mandatory": false,
            "ruleset": 3,
            "ref_name": "PIZ10",
            "step": 20,
            "glob": false
        }
    },
    {
        "pk": 41,
        "model": "ruleset.rulecard",
        "fields": {
            "public_name": "TRIPLE",
            "description": "A pizza with at least three different toppings whose name begins with the same letter brings a bonus of 8 points. (Different letters will add up.)",
            "mandatory": false,
            "ruleset": 3,
            "ref_name": "PIZ11",
            "step": 20,
            "glob": false
        }
    },
    {
        "pk": 42,
        "model": "ruleset.rulecard",
        "fields": {
            "public_name": "MARGARITA",
            "description": "The cook whose pizza has the smallest number of different toppings will earn a bonus of 12 points. In case of a tie, each player will earn the bonus. (Multiple copies of the same topping count for one.)",
            "mandatory": false,
            "ruleset": 3,
            "ref_name": "PIZ12",
            "step": 30,
            "glob": true
        }
    },
    {
        "pk": 43,
        "model": "ruleset.rulecard",
        "fields": {
            "public_name": "POTLATCH",
            "description": "The accepted trade featuring the largest number of exchanged cards of the game (rules and toppings from both players combined) will give a bonus of 10 points to both players. In case of a tie between two or more trades, no one earns the bonus.",
            "mandatory": false,
            "ruleset": 3,
            "ref_name": "PIZ13",
            "step": 30,
            "glob": true
        }
    },
    {
        "pk": 44,
        "model": "ruleset.rulecard",
        "fields": {
            "public_name": "TRADER",
            "description": " The player(s) having traded the largest number of rule cards (given + received) during the course of the game will earn a 10 points bonus. In case of a tie, each player will earn the bonus.",
            "mandatory": false,
            "ruleset": 3,
            "ref_name": "PIZ14",
            "step": 30,
            "glob": true
        }
    },
    {
        "pk": 45,
        "model": "ruleset.rulecard",
        "fields": {
            "public_name": "SLOTH",
            "description": "The cooks who will not have performed a trade with at least 7 different players during the game will lose 20 points. Only accepted trades with at least one card (rule or topping) given by each player count.",
            "mandatory": false,
            "ruleset": 3,
            "ref_name": "PIZ15",
            "step": 30,
            "glob": false
        }
    },
    {
        "pk": 46,
        "model": "ruleset.rulecard",
        "fields": {
            "public_name": "SCRABBLE PLAYER",
            "description": "The default value of a card is doubled if the card name contains at least once the letter K or Z.",
            "mandatory": false,
            "ruleset": 3,
            "ref_name": "PIZ16",
            "step": 5,
            "glob": false
        }
    },
    {
        "pk": 47,
        "model": "ruleset.rulecard",
        "fields": {
            "public_name": "THE LAST WILL BE THE FIRST",
            "description": "If a topping's name starts with a letter from the last ten of the alphabet, the topping is worth 2 more points than its default value.",
            "mandatory": false,
            "ruleset": 3,
            "ref_name": "PIZ17",
            "step": 6,
            "glob": false
        }
    },
    {
        "pk": 48,
        "model": "ruleset.rulecard",
        "fields": {
            "public_name": "SPICE IT UP",
            "description": "Each Herb [H] card gives a bonus of 2 points to a maximum of two Vegetable [V] cards. Each Vegetable card can earn the bonus from one Herb card only.",
            "mandatory": false,
            "ruleset": 3,
            "ref_name": "PIZ18",
            "step": 20,
            "glob": false
        }
    },
    {
        "pk": 49,
        "model": "ruleset.rulecard",
        "fields": {
            "public_name": "SEASONED COOK",
            "description": "The pizza with the most Herb [H] cards earns a bonus of 10 points. In case of a tie, each cook will earn only 3 points.",
            "mandatory": false,
            "ruleset": 3,
            "ref_name": "PIZ19",
            "step": 30,
            "glob": true
        }
    },
    {
        "pk": 50,
        "model": "ruleset.rulecard",
        "fields": {
            "public_name": "MAMMA",
            "description": "Mamma Peppino cooked mussels with parmesan for Christmas and eggplant with gorgonzola for Good Friday. You can earn a bonus of 6 points for each of these two pairings if your pizza has at least one card of the two corresponding toppings.",
            "mandatory": false,
            "ruleset": 3,
            "ref_name": "PIZ20",
            "step": 20,
            "glob": false
        }
    },
    {
        "pk": 1,
        "model": "ruleset.commodity",
        "fields": {
            "name": "Yellow",         "ruleset": 1,     "value": 1,     "color": "yellow",      "symbol": "symbol-e-oblique"
        }
    },
    {
        "pk": 2,
        "model": "ruleset.commodity",
        "fields": {
            "name": "Blue",           "ruleset": 1,     "value": 2,     "color": "blue",        "symbol": "symbol-j-hole"
        }
    },
    {
        "pk": 3,
        "model": "ruleset.commodity",
        "fields": {
            "name": "Red",            "ruleset": 1,     "value": 3,     "color": "red",         "symbol": "symbol-m"
        }
    },
    {
        "pk": 4,
        "model": "ruleset.commodity",
        "fields": {
            "name": "Orange",          "ruleset": 1,    "value": 4,     "color": "orange",      "symbol": "symbol-b"
        }
    },
    {
        "pk": 5,
        "model": "ruleset.commodity",
        "fields": {
            "name": "White",           "ruleset": 1,    "value": 5,     "color": "white",       "symbol": "symbol-q-oblique"
        }
    },
    {
        "pk": 6,
        "model": "ruleset.commodity",
        "fields": {
            "name": "Blue",            "ruleset": 2,    "value": 1,     "color": "blue",        "symbol": "symbol-b"
        }
    },
    {
        "pk": 7,
        "model": "ruleset.commodity",
        "fields": {
            "name": "White",           "ruleset": 2,    "value": 2,     "color": "white",       "symbol": "symbol-f"
        }
    },
    {
        "pk": 8,
        "model": "ruleset.commodity",
        "fields": {
            "name": "Pink",            "ruleset": 2,    "value": 3,     "color": "hotpink",     "symbol": "symbol-h-oblique"
        }
    },
    {
        "pk": 9,
        "model": "ruleset.commodity",
        "fields": {
            "name": "Yellow",          "ruleset": 2,    "value": 4,     "color": "yellow",      "symbol": "symbol-l-oblique"
        }
    },
    {
        "pk": 10,
        "model": "ruleset.commodity",
        "fields": {
            "name": "Green",            "ruleset": 2,   "value": 5,     "color": "green",       "symbol": "symbol-r"
        }
    },
    {
        "pk": 11,
        "model": "ruleset.commodity",
        "fields": {
            "name": "Anchovies",        "ruleset": 3,   "value": 3,     "color": "lightblue",   "category": "Fish & Seafood"
        }
    },
    {
        "pk": 12,
        "model": "ruleset.commodity",
        "fields": {
            "name": "Artichoke",        "ruleset": 3,   "value": 2,     "color": "forestgreen",  "category": "Vegetable"
        }
    },
    {
        "pk": 13,
        "model": "ruleset.commodity",
        "fields": {
            "name": "Arugula (Rocket)", "ruleset": 3,   "value": 2,     "color": "forestgreen",  "category": "Vegetable"
        }
    },
    {
        "pk": 14,
        "model": "ruleset.commodity",
        "fields": {
            "name": "Bacon",            "ruleset": 3,   "value": 3,     "color": "darksalmon",  "category": "Meat"
        }
    },
    {
        "pk": 15,
        "model": "ruleset.commodity",
        "fields": {
            "name": "Basil",            "ruleset": 3,   "value": 0,     "color": "tan",         "category": "Herb"
        }
    },
    {
        "pk": 16,
        "model": "ruleset.commodity",
        "fields": {
            "name": "Chicken",          "ruleset": 3,   "value": 3,     "color": "darksalmon",  "category": "Meat"
        }
    },
    {
        "pk": 17,
        "model": "ruleset.commodity",
        "fields": {
            "name": "Capers",           "ruleset": 3,   "value": 2,     "color": "forestgreen",  "category": "Vegetable"
        }
    },
    {
        "pk": 18,
        "model": "ruleset.commodity",
        "fields": {
            "name": "Eggplant",         "ruleset": 3,   "value": 2,     "color": "forestgreen",  "category": "Vegetable"
        }
    },
    {
        "pk": 19,
        "model": "ruleset.commodity",
        "fields": {
            "name": "Garlic",           "ruleset": 3,   "value": 0,     "color": "tan",         "category": "Herb"
        }
    },
    {
        "pk": 20,
        "model": "ruleset.commodity",
        "fields": {
            "name": "Goat Cheese",      "ruleset": 3,   "value": 3,     "color": "beige",       "category": "Cheese"
        }
    },
    {
        "pk": 21,
        "model": "ruleset.commodity",
        "fields": {
            "name": "Gorgonzola",       "ruleset": 3,   "value": 3,     "color": "beige",       "category": "Cheese"
        }
    },
    {
        "pk": 22,
        "model": "ruleset.commodity",
        "fields": {
            "name": "Ham",              "ruleset": 3,   "value": 3,     "color": "darksalmon",  "category": "Meat"
        }
    },
    {
        "pk": 23,
        "model": "ruleset.commodity",
        "fields": {
            "name": "Mozzarella",       "ruleset": 3,   "value": 3,     "color": "beige",       "category": "Cheese"
        }
    },
    {
        "pk": 24,
        "model": "ruleset.commodity",
        "fields": {
            "name": "Mushrooms",        "ruleset": 3,   "value": 2,     "color": "forestgreen",  "category": "Vegetable"
        }
    },
    {
        "pk": 25,
        "model": "ruleset.commodity",
        "fields": {
            "name": "Mussels",          "ruleset": 3,   "value": 3,     "color": "lightblue",   "category": "Fish & Seafood"
        }
    },
    {
        "pk": 26,
        "model": "ruleset.commodity",
        "fields": {
            "name": "Olives",           "ruleset": 3,   "value": 2,     "color": "forestgreen",  "category": "Vegetable"
        }
    },
    {
        "pk": 27,
        "model": "ruleset.commodity",
        "fields": {
            "name": "Onions (Pickled)", "ruleset": 3,   "value": 2,     "color": "forestgreen",  "category": "Vegetable"
        }
    },
    {
        "pk": 28,
        "model": "ruleset.commodity",
        "fields": {
            "name": "Oregano",          "ruleset": 3,   "value": 0,     "color": "tan",         "category": "Herb"
        }
    },
    {
        "pk": 29,
        "model": "ruleset.commodity",
        "fields": {
            "name": "Parmesan",         "ruleset": 3,   "value": 3,     "color": "beige",       "category": "Cheese"
        }
    },
    {
        "pk": 30,
        "model": "ruleset.commodity",
        "fields": {
            "name": "Peppers",          "ruleset": 3,   "value": 2,     "color": "forestgreen",  "category": "Vegetable"
        }
    },
    {
        "pk": 31,
        "model": "ruleset.commodity",
        "fields": {
            "name": "Pepperoni",        "ruleset": 3,   "value": 3,     "color": "darksalmon",  "category": "Meat"
        }
    },
    {
        "pk": 32,
        "model": "ruleset.commodity",
        "fields": {
            "name": "Pineapple",        "ruleset": 3,   "value": 2,     "color": "forestgreen",  "category": "Vegetable"
        }
    },
    {
        "pk": 33,
        "model": "ruleset.commodity",
        "fields": {
            "name": "Prosciutto",       "ruleset": 3,   "value": 3,     "color": "darksalmon",  "category": "Meat"
        }
    },
    {
        "pk": 34,
        "model": "ruleset.commodity",
        "fields": {
            "name": "Sausage",          "ruleset": 3,   "value": 3,     "color": "darksalmon",  "category": "Meat"
        }
    },
    {
        "pk": 35,
        "model": "ruleset.commodity",
        "fields": {
            "name": "Smoked Salmon",    "ruleset": 3,   "value": 3,     "color": "lightblue",   "category": "Fish & Seafood"
        }
    },
    {
        "pk": 36,
        "model": "ruleset.commodity",
        "fields": {
            "name": "Tomato",           "ruleset": 3,   "value": 2,     "color": "forestgreen",  "category": "Vegetable"
        }
    },
    {
        "pk": 37,
        "model": "ruleset.commodity",
        "fields": {
            "name": "Tuna",             "ruleset": 3,   "value": 3,     "color": "lightblue",   "category": "Fish & Seafood"
        }
    },
    {
        "pk": 38,
        "model": "ruleset.commodity",
        "fields": {
            "name": "Zucchini (Grilled)", "ruleset": 3, "value": 2,     "color": "forestgreen",  "category": "Vegetable"
        }
    }
]